first_name,last_name,email
Maria,Thomas,david76@example.org
Eric,Estrada,lewissabrina@example.org
Grant,Fitzgerald,operry@example.com
Mark,Stone,sanderson@example.net
Patricia,Thompson,floresfrederick@example.org
Stephanie,Curry,acooper@example.org
Michelle,Wright,hfoster@example.net
Bryan,Boyd,wardshane@example.com
Anthony,Flores,jjohnson@example.net
William,Becker,vowen@example.net
Charles,Harvey,douglaswilliamson@example.org
Pamela,Dawson,hallkeith@example.net
Stephanie,Thompson,tsmith@example.org
Jessica,Price,katrina19@example.com
Sherri,Becker,smithjessica@example.org
Andrew,Lynch,andres56@example.org
Timothy,Ochoa,wgarcia@example.org
Katherine,Washington,sarah60@example.com
Tammy,Ramirez,camposrobert@example.org
Jeffrey,Smith,lewismichael@example.com
Andrew,Henry,cruzmichael@example.net
Marissa,Rodriguez,debbiewallace@example.net
Judy,Christian,thorntonwilliam@example.net
Angela,Christian,ramseygeorge@example.org
April,Maldonado,connierichards@example.org
Jessica,Davis,smithbrenda@example.net
Michael,Watson,wigginsdaniel@example.net
Vanessa,Mitchell,jeffrey35@example.org
David,Blevins,valentinerachel@example.net
Keith,Cole,imartin@example.org
Jo,Mitchell,anabowen@example.net
Erica,Parker,bsmith@example.com
Jessica,Carter,daniel84@example.org
Julia,Calhoun,savery@example.com
David,Edwards,christopherrivera@example.net
Julia,Hicks,masonroberta@example.com
Crystal,Miller,mhall@example.com
Michael,Vasquez,christopher66@example.com
Rick,Dominguez,mccannrodney@example.com
Cheryl,Hernandez,lopezlauren@example.org
Victor,Rogers,torresheather@example.org
Frederick,Ray,elizabeth33@example.net
Kara,Williams,melaniemichael@example.net
Jane,Moore,wglenn@example.net
Kevin,Simmons,brittany95@example.com
Marcus,Robbins,chavezjennifer@example.org
Tammy,White,millermichael@example.com
Haley,Benjamin,coopernancy@example.com
Megan,Gentry,karenwebb@example.net
Lindsey,Nguyen,jessicacoleman@example.com
Emily,Kelly,kenneth22@example.com
David,Taylor,bellshawn@example.org
Lisa,Nielsen,dcarroll@example.net
Anna,Thomas,brandonklein@example.com
Richard,Wyatt,myersmaria@example.org
Sarah,Green,nmorris@example.net
Cory,Smith,patriciathompson@example.org
Connie,Hanson,joshuaphillips@example.com
Tiffany,Jenkins,clarktammy@example.org
Joseph,Reyes,garciarhonda@example.net
Ashley,Foster,lisa29@example.net
Christopher,Jackson,stewartlacey@example.org
Rose,Griffin,mannkristin@example.com
Amy,White,alexis19@example.com
Steve,Ingram,brady59@example.org
Loretta,Ford,alexanderjason@example.org
Kristin,Chung,hannah86@example.net
Jennifer,Morales,ynewton@example.com
Christina,Hall,adamslisa@example.com
Katrina,Perry,douglascolon@example.com
Thomas,Hernandez,qjuarez@example.org
Martin,Wilson,angela33@example.org
Stephen,Smith,norrisrichard@example.org
Jeremy,Richmond,greenethan@example.org
Sophia,Lawrence,phillipsjoseph@example.net
David,Peck,larry15@example.net
Yvette,Reese,imurphy@example.com
Brittany,Gray,nmitchell@example.net
Gregory,Woods,lowens@example.net
Bethany,Williams,stephaniewillis@example.net
Timothy,Miller,uharris@example.net
Shirley,Martin,walkerdaisy@example.net
Laura,Boyd,hopkinskimberly@example.org
Amanda,Ruiz,nbowman@example.org
Isaac,Meyer,eric39@example.com
Matthew,Hoffman,ashley92@example.net
Juan,Sutton,charles63@example.org
Krystal,Paul,erikabrown@example.com
Shelley,Johnson,gina38@example.com
Kimberly,Shaw,michaelmyers@example.net
Donna,Peters,chase79@example.com
Tiffany,Snow,bensonjodi@example.net
Pedro,Duncan,lisahampton@example.org
Christopher,Myers,gking@example.net
Richard,Cruz,cooksusan@example.org
Hannah,Ruiz,wperez@example.org
Maureen,Johnson,ericfernandez@example.com
Robin,Adams,haroldevans@example.org
Richard,Murphy,chaseronald@example.net
Douglas,Cruz,powellmathew@example.org
Meghan,Pearson,margaretstevenson@example.net
Gordon,Thomas,emily50@example.net
Crystal,Weaver,frank69@example.com
Maria,Gonzalez,hmendez@example.org
Kenneth,Swanson,jason72@example.org
Olivia,Garrett,xvaughn@example.org
Emma,Armstrong,deaton@example.com
Justin,Leach,angelasolis@example.net
Justin,Novak,michael24@example.com
James,Rhodes,curtistina@example.net
Bryan,Dixon,mwright@example.org
Eric,Crawford,npeters@example.net
Charles,Butler,wonggary@example.org
Brenda,Hancock,melissa22@example.net
Fernando,Baker,jeffreydeleon@example.com
John,White,njones@example.org
Andrea,Walker,jane75@example.org
Jason,Thompson,huertadarlene@example.com
Trevor,Allen,chad80@example.org
Beth,Thompson,donovandonald@example.com
Andres,Ward,eric10@example.org
Jason,James,tatenicole@example.com
Kenneth,Snyder,briggs@example.net
Eric,Crosby,katie25@example.net
John,Henderson,fitzgeraldwilliam@example.org
Jackie,Lee,laurarasmussen@example.net
Joshua,Aguirre,jburton@example.com
Adrian,Fuller,camposbenjamin@example.com
Sandra,Montgomery,ugonzalez@example.com
Heather,Smith,qbenitez@example.net
Cynthia,Hart,henrysteven@example.com
James,Brewer,timothy29@example.net
Brandon,Bruce,amber51@example.org
Erica,Smith,gcrawford@example.net
Alexander,Ewing,bfrazier@example.com
Willie,Barker,amanda15@example.com
Bradley,Vargas,christopher63@example.net
Nicholas,Gonzalez,adriana65@example.com
John,Henry,ncoleman@example.net
William,Brewer,fowlerrobin@example.net
Faith,Green,lindamendoza@example.com
Shannon,Bean,tjames@example.net
Jordan,Levine,mackmichael@example.org
Rebecca,Taylor,canturichard@example.org
Donald,Murphy,daniel95@example.com
Christopher,Barber,fmartinez@example.com
Todd,Griffin,shawjohnny@example.org
Charles,Green,psteele@example.org
Jack,Roberts,johnkramer@example.org
Nicholas,Johnson,ocollins@example.com
Vanessa,Ball,buchanandennis@example.net
Tiffany,Yu,jessicamclaughlin@example.org
Douglas,Martin,nicholsonbryan@example.org
Phillip,Brewer,bridgesmichael@example.org
Jason,Davis,calebmartin@example.org
Gloria,Stevenson,erica62@example.org
Christopher,Fuller,leonardanthony@example.com
Timothy,Zuniga,susanmclean@example.net
Kimberly,Ramirez,hbarnes@example.net
Casey,Willis,baileycaitlin@example.org
Mary,Wilson,david78@example.com
Diane,Garcia,rhonda79@example.com
Elaine,Williams,josephclements@example.org
Marie,Blackburn,lauriebennett@example.com
Nicholas,Scott,bharrison@example.net
Scott,Roth,jriley@example.com
Zachary,Shields,joshua07@example.org
Mathew,Neal,meganbaker@example.net
Peter,Ward,gerald28@example.com
Renee,Wang,rodriguezemily@example.org
Michael,Andrews,xwashington@example.org
Samantha,Ochoa,reedjohn@example.net
David,Shaw,andrea16@example.com
Heather,Hernandez,abaker@example.net
Jason,Donaldson,david56@example.com
Maria,Tucker,hansonjeremy@example.org
Shaun,Liu,fmitchell@example.org
Erin,Nunez,fchapman@example.com
Anne,Eaton,aaguilar@example.net
Paul,Martinez,zandrews@example.net
Miguel,Morris,renee16@example.net
Janice,Wong,larry38@example.com
April,Walker,ryan72@example.net
James,Watson,marktaylor@example.net
Matthew,Herrera,robbinskathy@example.com
Matthew,Johnson,cwalton@example.org
Kyle,Sawyer,avillarreal@example.com
Ernest,Taylor,christopher53@example.com
William,Dean,jenniferbrown@example.org
William,Peterson,wilsonsamuel@example.net
Mary,Bryant,carl84@example.com
Nicole,Baldwin,jennifer37@example.net
Nicole,Lee,cardenasjennifer@example.com
Amy,Newton,udaugherty@example.net
Danielle,Young,edwardsmadison@example.com
Darren,Thomas,jessica55@example.com
Stacy,Ruiz,andrea82@example.org
Kristina,Stephens,tdelgado@example.com
Edward,Jones,erobinson@example.org
Bruce,Francis,matthewrivera@example.net
Jeffrey,Brown,christopher60@example.org
Michael,Morgan,awilliams@example.com
James,Villa,christopher84@example.com
Joseph,Cantu,estradarobyn@example.org
Robert,Wright,steven72@example.com
Sara,Fernandez,emily12@example.org
Christine,Molina,shannoncarr@example.org
Andrea,Perez,jillian08@example.org
Robert,Barajas,grahamashley@example.com
Christopher,Lee,tanya33@example.net
Holly,Sherman,xschwartz@example.com
Catherine,Chen,raymondmclean@example.org
Michael,Lee,sheila05@example.org
David,Green,nbarajas@example.com
Jonathan,Schwartz,garyrobinson@example.com
Charles,Sanchez,amandaware@example.com
Holly,Perez,eerickson@example.com
Joseph,Rhodes,lisa86@example.net
Brittany,Evans,omiller@example.net
Kimberly,Nguyen,djoyce@example.com
Timothy,Hester,anthony87@example.org
Monique,Freeman,nicole77@example.net
Sheri,Carroll,andrewhenson@example.org
Rodney,Wilkerson,griffinkathryn@example.net
Natalie,Banks,obarker@example.org
Ethan,Smith,smithbarry@example.com
Caitlyn,Lopez,ncummings@example.com
Samantha,Ruiz,amber57@example.net
Angie,Mullins,jesus68@example.com
Tracy,Fletcher,jamesgutierrez@example.net
Nicole,Soto,randallwesley@example.com
Richard,Garcia,carmen09@example.com
Tanya,Pearson,james41@example.org
Derrick,Jones,matthewkirk@example.org
Erin,Buck,xkemp@example.com
Pamela,Kelley,robinsonjohn@example.org
Lori,Mueller,sarah15@example.net
Stacey,Arnold,eashley@example.net
April,Collins,earl84@example.net
William,Burns,hperkins@example.com
Brad,Hammond,smithjack@example.net
Chad,Norris,ericmccarty@example.com
Marcus,Savage,david04@example.net
James,Davis,genemitchell@example.org
David,Swanson,zmartinez@example.net
Richard,Caldwell,amber08@example.com
Alexander,Greene,dalton67@example.net
Patrick,Woods,paigedavis@example.com
Scott,Tucker,kmccoy@example.net
Timothy,Armstrong,bettywhitney@example.net
Lisa,Spencer,zpollard@example.com
Gregory,Jimenez,ggutierrez@example.net
Javier,Kemp,emily95@example.org
John,Huang,smithchristine@example.org
Joshua,Wiley,langmatthew@example.org
Ryan,Spencer,brandy87@example.net
Joshua,Grimes,imccarthy@example.com
Christopher,Henry,rebeccasherman@example.org
Shannon,Dixon,jacqueline73@example.com
Stephanie,Kelly,stuart61@example.com
Caitlyn,Walton,nicholas66@example.com
Carla,Glover,silvanathaniel@example.net
Amber,Fritz,iadkins@example.com
Blake,Garrett,blankenshipdominic@example.com
Rhonda,Wright,khowell@example.net
Angela,Flores,paige22@example.org
Jeffrey,Nelson,katiebates@example.net
Jennifer,Wright,jrichmond@example.com
Brooke,Davis,singhsamuel@example.org
Kurt,Glenn,barkerwilliam@example.com
Laura,Paul,frank54@example.net
Jennifer,Foster,hmason@example.net
Leslie,Wilson,callahandawn@example.org
Nicole,Miles,randalllopez@example.org
Cody,Hodges,maciastiffany@example.com
Robert,Bowen,uanderson@example.org
Jesse,White,nicole78@example.net
Samantha,Carter,wilsonjohn@example.com
Ryan,Mcguire,patelalison@example.org
Robert,Rivera,williamsjohn@example.org
Kayla,Lane,zacharyellis@example.org
Travis,Kaufman,brittany75@example.net
Pamela,Watson,bowmantina@example.org
Thomas,Atkinson,ryan30@example.net
Trevor,Davis,taylorshannon@example.net
Michelle,Mccoy,carl06@example.com
Brandi,Harris,robin51@example.com
Jennifer,Garcia,simpsondarius@example.net
Christine,Lyons,karen45@example.net
Jesse,Whitney,julie99@example.net
Kelli,Rhodes,ugriffin@example.org
Michael,Fuller,bryan47@example.net
Katherine,Jackson,karen54@example.net
Brandon,Kemp,anthony41@example.net
Linda,Wilson,sbarnes@example.com
Douglas,Rojas,janice14@example.net
James,Smith,samuel66@example.net
April,Hunt,hernandezashley@example.org
Jamie,Baker,abigail45@example.org
Alan,Wang,porterherbert@example.com
Charles,Frank,brittany22@example.net
Brittany,Huffman,changheidi@example.org
John,Garcia,lindsey29@example.net
David,Jackson,meyersronald@example.org
April,Castillo,kennethgarcia@example.net
Travis,Massey,ashleysutton@example.net
David,Mendoza,qmartinez@example.org
Philip,Willis,christensenjoshua@example.org
Shelby,Howell,xhouston@example.net
Joseph,Lewis,yhorn@example.org
Daniel,Hodges,william66@example.org
Sonya,Williams,farleynathaniel@example.com
Robert,Lewis,brianortega@example.org
Scott,Bailey,eruiz@example.org
Steven,Lee,xharrington@example.com
Carrie,Wood,sherrylarson@example.org
Monique,Le,robertglover@example.net
Blake,Rivera,monicaking@example.com
Jacob,Barton,afrost@example.net
Adam,Higgins,rmays@example.org
Rebecca,Jimenez,lanejames@example.net
Ashley,Good,phillipsmario@example.org
Kathleen,Thomas,zwalsh@example.com
James,Rios,arielcarey@example.net
Elizabeth,Johns,stephanie96@example.org
Dustin,Sellers,kimberly11@example.com
Carla,Wagner,hollandwilliam@example.org
Thomas,Jackson,steve86@example.org
Lisa,Rodriguez,clarksamantha@example.net
Maria,Petty,tammyhall@example.net
Robert,Krueger,ywalker@example.com
Emily,Roberts,scottsmith@example.com
Sandra,Hines,ruizrebecca@example.com
Catherine,Alvarado,lmyers@example.net
Kari,Paul,davidmyers@example.com
Richard,Barber,jeffreyjones@example.org
Robert,Tate,brentrhodes@example.org
Michael,Browning,brownjoseph@example.net
Derek,Gallegos,holmeschristopher@example.org
Amanda,Robles,johnsonangela@example.com
Stephanie,Yates,trivera@example.com
Oscar,Davis,andre04@example.org
William,Thompson,veronicawatkins@example.com
Anthony,Morrow,tharris@example.org
Derrick,Rice,travis74@example.org
John,Sanchez,pollardjake@example.net
John,Howell,hwilliams@example.org
Eric,Alvarado,kimberly13@example.com
John,Obrien,vyang@example.org
Holly,Robles,wvillarreal@example.com
Ashley,Holmes,nelsonlaura@example.com
Michael,Fowler,reyesmonica@example.net
Amanda,Villa,curryjose@example.net
Patrick,White,ojuarez@example.org
Tracey,Murphy,cooperbrooke@example.com
Randy,Montgomery,andrewperez@example.com
Tristan,Sutton,christopher19@example.net
Logan,Barton,michaelwatson@example.org
Dana,Morgan,chelseapatton@example.net
Steven,Reed,cynthia32@example.net
Maria,Burns,shepardcassidy@example.com
Caroline,Schneider,zsmith@example.org
Ryan,Lee,krobinson@example.net
Stephen,Sherman,buchananellen@example.org
Jonathan,Davis,mjoseph@example.com
Casey,Collins,james47@example.com
Julie,Garrett,davisjames@example.net
Danielle,Frazier,hardytaylor@example.org
Melvin,Murray,aaroncamacho@example.com
Matthew,Soto,morenochristopher@example.com
Nicole,Brown,palmertracy@example.com
John,Barrera,cmatthews@example.org
Donna,King,zmorris@example.net
Pedro,Miller,ycook@example.org
Sherry,Zavala,jamesstephanie@example.org
James,Cook,rachelhughes@example.org
Regina,Blanchard,hannah82@example.org
Rebecca,Peterson,robertedwards@example.com
Deborah,Ryan,imejia@example.org
Laura,Vega,bryanperkins@example.net
Ashley,Coleman,vhart@example.net
Crystal,Maxwell,christopher83@example.org
Rebecca,Hall,erikanichols@example.org
Vernon,Reyes,rcannon@example.org
Theresa,Cunningham,christianmeza@example.org
Daniel,Deleon,christineguerrero@example.org
Jennifer,Martin,kirkdaniel@example.net
Breanna,Massey,jacqueline47@example.com
Steven,Conley,swilliams@example.com
William,Salazar,austin69@example.net
Steven,Baker,heathercardenas@example.com
Eric,Brown,wmarquez@example.com
Donna,Serrano,kathryn91@example.com
Audrey,Whitaker,benjaminclark@example.org
Jessica,Holder,bramirez@example.net
Patricia,Turner,reginaldorr@example.com
Peter,Myers,brhodes@example.com
Craig,Whitaker,candace06@example.com
Alicia,Rodriguez,kelsey94@example.net
Eric,Thompson,anthony35@example.net
Rebecca,Gomez,rsmith@example.org
Misty,Hughes,jamesmitchell@example.org
Melinda,Simon,morganjones@example.org
Gabriel,Martinez,marksmith@example.net
Nicholas,Schwartz,leescott@example.org
Matthew,Baker,elliottallen@example.net
Travis,Merritt,burgessmichael@example.com
Angela,Nichols,psalazar@example.com
Lisa,Jackson,william56@example.org
David,Riddle,mcmillankatherine@example.com
Rachel,Johnson,farmerjamie@example.com
Amber,Morgan,travis16@example.org
Rebecca,Wheeler,michelle78@example.com
Robert,Archer,xjones@example.org
Patricia,Aguilar,ibrooks@example.org
Austin,Gordon,katherinemendoza@example.org
Gary,Morris,paul25@example.org
Karen,Clark,roberto72@example.com
Cassandra,Robertson,shannon20@example.org
Jonathan,Lopez,onealkenneth@example.com
Cindy,Martin,zmitchell@example.net
Gina,Lee,adamskimberly@example.com
James,Liu,ashley13@example.net
Kimberly,Hebert,davidmarsh@example.org
Denise,Rice,kellyharris@example.com
Cheyenne,Harris,johnsonjustin@example.net
Elizabeth,Green,michaeljohnson@example.org
Eric,Mahoney,johnathan39@example.net
Mike,Benjamin,brian69@example.com
Christopher,Andrews,owalls@example.net
Thomas,Rogers,cookjessica@example.org
Janet,Davis,alicia23@example.org
Courtney,Marshall,amycase@example.org
Tyler,Ross,zshea@example.net
Christopher,Day,kevin66@example.com
Terri,Singh,tylerlewis@example.org
Virginia,Pittman,tlawrence@example.net
Jennifer,Lopez,nelsonkimberly@example.org
Christine,Rojas,bauerkimberly@example.net
Andrew,Stone,ajensen@example.com
Richard,Edwards,christina45@example.com
Kimberly,Foster,barbarabeck@example.org
Jamie,Rodriguez,kevin28@example.org
David,Conway,srobertson@example.com
Debra,Foster,nathan10@example.net
Martin,Williams,jarvissamantha@example.com
Michael,Vega,csimpson@example.org
Stephanie,Hunt,tammy85@example.com
David,Moore,gmaldonado@example.net
Melissa,Everett,millsrobert@example.net
Cynthia,Morris,jeffreyscott@example.com
Kurt,Lopez,rebeccamcdaniel@example.com
Kyle,Fletcher,stokesalexandria@example.com
Gabrielle,Clark,birddavid@example.org
Sarah,Price,gillandre@example.org
Mark,Smith,carloswaters@example.com
Evelyn,Douglas,jonesmatthew@example.com
Elizabeth,Bass,hillcassandra@example.net
Lindsay,Warren,crobinson@example.org
Melvin,Wang,nrivera@example.org
Amber,Hines,lewislisa@example.net
Dylan,Ray,theresanewman@example.org
Mindy,Vargas,sheila37@example.com
Samantha,Hernandez,jacksonwilliam@example.com
Franklin,Walters,vdean@example.net
Mark,Bruce,stoutbryan@example.net
Jennifer,Schmidt,christinaball@example.com
Shaun,Smith,yolson@example.com
Courtney,Hernandez,matthewshaffer@example.com
Alexis,Esparza,rhunt@example.com
Robert,Gomez,claytonjoe@example.com
Meredith,Arnold,michael76@example.com
Elizabeth,Christensen,fhernandez@example.net
April,Lopez,klee@example.com
Nancy,Durham,joshuanash@example.org
Lindsay,George,denise58@example.org
Nichole,Mcdonald,kathryn50@example.org
Kelly,Scott,john05@example.com
David,Cooke,crosbytanya@example.org
Kimberly,Turner,timothy41@example.org
Michael,Morales,lori69@example.net
Christine,Frazier,zoe81@example.com
Morgan,Hodges,carpenterrandall@example.net
Mariah,Randolph,yking@example.net
Robert,Jordan,tanya50@example.org
Jacob,Stewart,allison87@example.com
Anthony,Ray,cynthialutz@example.net
Sherry,Mccarthy,joshuajones@example.net
Riley,Jackson,allencourtney@example.com
James,Jones,christinadavis@example.net
Joanne,White,bakerfernando@example.net
Joy,Romero,franklin17@example.net
Robyn,Reyes,heidi16@example.com
Colleen,Velez,ebrown@example.com
Jose,Savage,david52@example.org
Erika,Estes,russelljoseph@example.net
Laura,Roth,smiller@example.com
Megan,Williams,dwalton@example.org
Jason,Bartlett,tracilane@example.com
Donna,Cox,stacygarcia@example.org
Gregory,Norris,kburns@example.org
David,Bullock,samantha98@example.net
Joshua,Jones,coopergregory@example.com
David,Walker,ryanconley@example.net
Diana,Bell,colleengonzalez@example.net
Suzanne,Herman,carolynwilliams@example.net
Travis,Munoz,bmurphy@example.net
James,Wallace,jamiebowman@example.net
Christopher,Dalton,johnsonandrew@example.com
Brian,Thompson,piercejames@example.org
Claudia,Francis,andrewjones@example.org
Lindsay,Johnson,melanie03@example.org
Sandra,Williams,morgan82@example.net
Amanda,Mack,rodriguezwilliam@example.org
Jamie,Morgan,vmeza@example.com
Kimberly,Morrison,justinbauer@example.com
Tony,Sweeney,michaelfields@example.org
David,Harding,kingrebecca@example.org
Wendy,Wilkinson,michael11@example.net
Melanie,Gonzalez,jennifer35@example.com
Jeremy,Walker,valeriebryant@example.com
Lorraine,Hall,dianafrank@example.com
John,Butler,dixonbryan@example.com
Cody,Williams,micheal46@example.net
Alyssa,Johnson,moniquephillips@example.net
Victoria,Schaefer,phillipmartinez@example.net
Trevor,Dixon,mnewman@example.org
Gary,Walters,jimenezamy@example.com
Tiffany,Serrano,rachelcombs@example.org
Amber,Boyle,tmoss@example.net
Daniel,Camacho,adam63@example.org
Matthew,Nelson,rmartinez@example.com
Nicholas,Moore,asherman@example.org
Melinda,Sheppard,john17@example.org
Sarah,Harris,williambates@example.net
Timothy,Jones,dwalsh@example.org
Shelia,Hill,jforbes@example.net
Jennifer,Hicks,hdiaz@example.net
Lee,Perez,melissajacobs@example.net
Jennifer,Peters,istevens@example.com
Anna,Santana,mguerrero@example.com
Edward,Bryant,scott74@example.org
Christopher,Hernandez,upowell@example.com
Dennis,Mccarty,douglas73@example.net
Diane,Meyer,chorton@example.com
David,Avila,twest@example.net
Robert,Mcdaniel,asmith@example.com
Dustin,Payne,jeffryan@example.com
Thomas,Baldwin,elizabeth84@example.com
Shirley,Black,underwoodjennifer@example.net
Shannon,Thomas,qwilson@example.com
Angela,Hodge,sabrina60@example.com
Crystal,Anderson,hansenlisa@example.com
Lisa,White,ozimmerman@example.net
Mike,Oconnor,scottbenjamin@example.com
Julia,Rivera,david49@example.com
Donald,Watson,abrown@example.com
Brian,Kidd,justinlewis@example.com
Alexander,Long,gina41@example.net
Lisa,Porter,beth56@example.com
Tyrone,Rojas,erinwilson@example.net
Richard,Sharp,benjamin43@example.org
Rebecca,Davis,danielevans@example.com
John,White,leon07@example.net
Richard,Norton,ralph89@example.org
Laura,Dean,dunncassandra@example.org
David,Clark,brendaoliver@example.org
Stephen,Spencer,brandonalvarez@example.net
Julia,Reynolds,amy12@example.net
Antonio,French,heather08@example.org
Tyler,Carroll,luisrivera@example.net
Gary,Morris,james05@example.net
Stephen,Watson,nbarton@example.org
Todd,Lowe,aaron91@example.net
Michael,Gray,sandersen@example.net
Daniel,Freeman,floydlauren@example.com
Victoria,Rhodes,christopher64@example.net
Michele,Henderson,vliu@example.net
Craig,Thomas,lisataylor@example.com
Jon,Garrison,hrobbins@example.net
William,Moore,frazierjennifer@example.com
Jeremy,Lopez,brandon89@example.net
Shelly,Perez,cle@example.com
Lori,Barnett,collinsanthony@example.net
Thomas,Fox,edward80@example.net
Samantha,Griffin,hoodjulie@example.net
Tracy,Wong,lwhite@example.net
William,Donaldson,tracymccormick@example.org
James,Black,rlee@example.com
Nicole,Collins,jonathan65@example.net
Jamie,Williams,littlejoseph@example.org
Peter,Gonzales,gonzalezmary@example.org
Robin,Sparks,fdelgado@example.com
Jill,Warner,trevor81@example.org
Madeline,Chen,thomas49@example.net
Elizabeth,Harper,rcampbell@example.org
Jonathan,Wood,catherinethompson@example.com
William,Burns,ofields@example.com
Jasmine,Leonard,cindy76@example.org
Autumn,Carroll,crystal67@example.org
Becky,Spears,xmoran@example.net
Amy,Rocha,mahoneyjessica@example.net
Michael,Johnson,oavila@example.com
Vickie,Powers,sbrown@example.com
Colleen,Torres,brittany75@example.net
Brittney,Summers,sean07@example.net
Justin,Smith,marysullivan@example.org
Richard,Jones,arthurharris@example.net
Melissa,Brown,gloria54@example.org
Ashley,Bailey,collinslawrence@example.net
Rachel,Barton,ehayes@example.org
James,Morales,troylindsey@example.org
Joseph,Thomas,kruegerkristen@example.net
Nicole,Wilson,forbesdavid@example.org
Mark,Whitney,danielbush@example.net
Jennifer,Chapman,bwolf@example.org
Danielle,Moreno,rlewis@example.net
Jordan,Ballard,gmiller@example.net
Cathy,Underwood,vramirez@example.net
Megan,Hill,blakesteven@example.net
Jessica,Dominguez,sandrarichardson@example.com
Alexander,Aguirre,mgill@example.org
Laura,Lawrence,grossjennifer@example.com
Teresa,Harrington,rgordon@example.com
David,Taylor,amberbrown@example.org
Abigail,Phillips,ascott@example.org
Evelyn,Leonard,castanedabarbara@example.com
Jon,Campbell,lori40@example.com
Kimberly,Martin,christophertorres@example.com
Claudia,Li,amyhammond@example.com
Mark,Chambers,jonessarah@example.com
Hector,Jones,richardgarcia@example.com
Carol,Stein,elizabethharris@example.com
Nathan,Moore,bridget71@example.com
Anthony,Williams,manngary@example.org
Joseph,Rodriguez,daviddaniel@example.net
Molly,Short,troy00@example.org
Jessica,Lee,yrios@example.net
Daniel,Valdez,mooreelizabeth@example.com
Christopher,Ward,alexandramcbride@example.net
Holly,Barton,qserrano@example.net
Tyler,Fisher,catherinerosales@example.org
Sarah,Contreras,ulang@example.org
Paul,Keller,qford@example.com
Zachary,Wood,vanessa45@example.com
George,Nash,christophernichols@example.net
Jennifer,Stanton,jefferyharris@example.org
Kimberly,Lewis,aharrison@example.net
Lawrence,Herman,jesse08@example.net
Laura,Jensen,rodriguezjoseph@example.org
Ryan,Ruiz,olambert@example.com
John,Porter,randrade@example.net
Shannon,Flores,brownjose@example.net
Veronica,Rogers,travis71@example.org
Melanie,Freeman,martinezpatrick@example.com
Cameron,Gill,joshua87@example.net
Levi,Greene,brandon86@example.net
Jackie,Compton,hendrickspaul@example.org
Patrick,Willis,michele06@example.net
Ashley,Good,johnnyjohnson@example.org
Adrienne,Fletcher,gregorypena@example.org
Kenneth,Barnes,uwhite@example.org
Jennifer,Blackwell,jordanmichael@example.net
Angelica,Mcclain,carlaolsen@example.com
Greg,Owens,laurennichols@example.org
Troy,Garcia,anthonygibson@example.com
Jeffrey,Gonzalez,jon99@example.com
Matthew,Brooks,nicholasrusso@example.org
Roy,Jensen,melissajohnson@example.net
Brett,Lowe,ortizpaige@example.com
Debbie,Hunter,michael94@example.org
Robert,Miller,scastaneda@example.org
Tricia,Morris,fvega@example.org
Erika,Shaffer,brownandrea@example.net
Nathan,Gordon,jennifermccormick@example.com
Linda,Diaz,gentrytina@example.org
Karen,Jordan,deanna52@example.org
Christopher,Miller,michael27@example.org
Janet,Perez,zhoover@example.org
Mark,Brandt,john00@example.org
Jesus,Price,vanessarobinson@example.net
Hunter,Jordan,ymeyers@example.com
Calvin,Johnson,hillrichard@example.com
Lisa,Gonzalez,srogers@example.com
Brad,Horton,michelescott@example.org
Sara,Fischer,garretthayden@example.net
Isaac,Grant,hensleygregory@example.org
Tyler,Ayala,craigsmith@example.com
Carol,Taylor,george10@example.net
Albert,Underwood,michael30@example.com
Robert,Marsh,elizabethyoung@example.org
Courtney,Miller,david48@example.org
Chris,Mercer,devintaylor@example.com
Steven,Skinner,carolyn37@example.net
Cassandra,Mendoza,ericlarsen@example.net
Jeff,Lopez,jtanner@example.net
Susan,Tucker,muellercassandra@example.org
Gary,Hubbard,lewischristine@example.org
Kimberly,Bell,ljennings@example.net
Christina,Johnston,romanallison@example.com
Michael,Owens,lindachung@example.com
John,Phelps,kaitlintaylor@example.net
April,Conrad,adamsallison@example.com
Katelyn,Gallegos,jeanette92@example.org
Brett,Strickland,alexandervincent@example.org
Elizabeth,Lopez,rosetony@example.com
Kyle,Curtis,victoria73@example.org
Daniel,Fleming,michealsanchez@example.org
Jane,Lee,herbert00@example.com
Dana,Thornton,james03@example.net
Jonathon,Robinson,christopher63@example.com
Richard,Gutierrez,bennetterik@example.com
Sarah,Coleman,castillorobert@example.net
Latasha,Carroll,bakercindy@example.org
David,Gutierrez,davisdouglas@example.org
Andre,Andrews,monicathomas@example.net
Jerry,Jones,lisa37@example.com
Robert,Rice,keith83@example.org
Daniel,Velazquez,lfrazier@example.net
Donna,Ortiz,jacqueline02@example.com
Andrea,Coleman,amanda16@example.org
Margaret,Smith,ernestlee@example.org
Jessica,Mathews,blevinsmia@example.net
Marc,Taylor,timothy93@example.org
Joyce,Espinoza,sarah19@example.org
Tanya,Burke,hardingmegan@example.com
Beverly,Mason,pluna@example.org
Laura,Stone,christina94@example.com
Haley,Waters,ericadavis@example.org
Cheryl,Dalton,james21@example.com
David,Wood,nancygreen@example.org
Brandon,Steele,ralvarado@example.com
Frances,Ford,pachecokatie@example.com
Brandon,Carrillo,john17@example.com
David,Martinez,jhenry@example.org
Henry,Johnson,joneslisa@example.org
John,Dillon,weaverjulie@example.org
Christopher,Romero,sford@example.net
William,Williams,shannonwheeler@example.com
Krystal,Reed,qfrye@example.org
Victor,Camacho,matthewdelgado@example.net
Susan,Wood,andrewkelley@example.org
Amber,Pugh,kristinabeck@example.com
Michael,Gibson,oliverrobert@example.org
Danielle,Collins,joseph53@example.net
Dakota,Saunders,cjackson@example.com
Devin,Paul,angela27@example.org
Kelly,Vega,karen98@example.org
Victoria,Schneider,crystalsalazar@example.com
Jennifer,Ward,patricia67@example.org
Christine,Saunders,jonathan36@example.net
Nancy,Taylor,ygraham@example.com
James,Diaz,cruzcassidy@example.com
Angela,Harvey,cindy53@example.org
Audrey,Alvarado,nicholasguzman@example.org
Caleb,Schultz,kathleen69@example.org
Brooke,Bush,sullivanjay@example.com
Jennifer,Hoffman,bbooker@example.org
Hector,Cooke,jenniferfrazier@example.org
Jay,Mcbride,philip58@example.org
Daniel,Smith,rterry@example.com
Nicole,Martin,dannysmith@example.net
Nicholas,Stanley,jamesirwin@example.org
Sherry,Martinez,joseph24@example.com
Amy,Phillips,blevinsdawn@example.net
Jean,Day,mosleybrian@example.org
Christopher,Collins,bowmansean@example.org
Tina,Peterson,keithvargas@example.net
Lisa,Taylor,cameronholmes@example.com
Jennifer,Smith,owilkins@example.com
Harold,Baker,miguel64@example.net
David,Ramos,matthew71@example.org
Troy,Brown,katie28@example.net
Robert,Hawkins,parkerkarla@example.com
Randall,Andrews,carolyn54@example.org
Sharon,Davidson,timothyrowe@example.org
Jennifer,Jackson,susanjohnson@example.com
Douglas,Larson,alec68@example.org
Crystal,Green,alang@example.com
Nicole,Bradford,ccox@example.net
Kevin,Serrano,larryrojas@example.com
Valerie,Deleon,sarah75@example.com
Jessica,Haynes,harperkathryn@example.org
Jared,Thomas,shelby03@example.net
Donald,Mason,manuel70@example.com
Terri,Lee,michael76@example.com
Jessica,Gould,kaylagomez@example.com
Michael,Phillips,brandon17@example.org
Michael,Lee,heatherjimenez@example.net
Christopher,Conner,christopherroberts@example.com
Craig,Chase,rjennings@example.net
Kristin,Ortiz,hamiltonjoel@example.org
John,Lara,cperez@example.net
Ann,Anderson,bennettlisa@example.net
Daniel,Davis,joseph82@example.org
Barbara,Boyer,roylozano@example.com
Thomas,Johnson,taylor97@example.net
Matthew,Bennett,josephrich@example.org
Gilbert,Cabrera,nicole29@example.org
Kelly,Brown,xstark@example.com
Erik,Floyd,burnssheila@example.org
Lori,Conner,qjones@example.net
James,Terry,denisescott@example.com
Sherry,Paul,jeannewilson@example.com
Monica,Smith,jamesbush@example.com
Mario,Harper,bbrown@example.org
Erin,Hudson,youngjames@example.com
Lisa,Smith,ncarpenter@example.net
Jack,Gill,amyadams@example.com
Sara,Ramirez,michaelsmith@example.net
Kevin,Brown,gabriellebowers@example.net
Patricia,Woods,katie78@example.com
Maria,Howell,paulevans@example.com
Dana,Alvarez,tflores@example.net
Cindy,Mitchell,richardpamela@example.org
Tara,Miller,rogerstammy@example.org
Jason,Coleman,qdavis@example.org
Jeremiah,Stone,byrdrobert@example.com
Julie,Perry,pattersonann@example.com
Wendy,Soto,thomas77@example.net
William,Hurley,irodriguez@example.org
James,Williams,jamie34@example.org
Tracy,Flores,ewingjoshua@example.com
Michael,Sims,tyler21@example.org
Kayla,Harper,collin03@example.net
Ashley,Chang,margaretoneill@example.com
Lisa,Howard,jacquelinethompson@example.org
Melanie,Butler,fweaver@example.net
Mary,Oconnell,gharris@example.net
Diana,Briggs,ubennett@example.com
Michael,Mcguire,gonzalezsean@example.com
Kristen,Taylor,osborngeorge@example.net
Amy,Hood,leeemma@example.net
David,Morgan,george22@example.net
Mark,Mays,sandra77@example.net
Kristina,Foster,vpalmer@example.net
Lisa,Rogers,ballluis@example.org
Donald,Myers,omiller@example.org
Justin,Moreno,george78@example.com
Johnny,Joyce,darryl03@example.net
Misty,Holmes,michael85@example.net
David,Carpenter,francisco47@example.org
Connor,Wilcox,emily81@example.org
Timothy,Dunn,alicia74@example.org
Daniel,Patel,huangkimberly@example.org
Timothy,Benitez,andrewpreston@example.net
William,Lyons,adamfisher@example.com
Kimberly,Good,harrisjonathan@example.net
Karen,Jackson,josephcervantes@example.com
Eddie,Mitchell,andrew88@example.com
Carla,Lee,alvaradolaura@example.org
Courtney,Williams,dvillarreal@example.org
Melissa,Cruz,lorigutierrez@example.net
Christopher,Cohen,mitchellhannah@example.org
Stephanie,Perry,aaronlara@example.org
Wendy,Combs,juliebutler@example.org
Stephanie,Thompson,rmarshall@example.net
Kimberly,Powell,shane30@example.com
Jennifer,White,umalone@example.net
Tiffany,Torres,carloscook@example.com
Brad,Baker,crystal11@example.net
Ernest,Riggs,tbrown@example.org
Jill,Shea,jmartinez@example.org
Bob,Wood,margaret31@example.com
John,Mcdonald,hessmicheal@example.org
Russell,Stewart,austinbaker@example.net
Denise,Chen,paul82@example.org
Jenna,Baker,robert83@example.org
Joy,Bush,tfritz@example.org
Jennifer,Gates,heatherfernandez@example.com
Sarah,Chan,dmorgan@example.net
Ariana,Lowery,rogerjones@example.org
Walter,Martinez,ireid@example.net
Kathleen,Poole,gabriellefuller@example.org
Frank,Ross,monicavincent@example.net
Betty,Johnson,brettwhite@example.org
Chelsey,Acevedo,mwilkerson@example.org
Julie,Lamb,espinozasharon@example.net
Molly,Lowe,davidspencer@example.net
Donald,Mccann,christopher62@example.net
Karl,Harris,leonharris@example.com
Sarah,Smith,johncollins@example.org
Amy,Collins,ashleyandrea@example.net
Sydney,Hill,michaelmartin@example.org
Sherri,Stokes,hamiltonkathleen@example.com
David,Thomas,gwilkerson@example.net
Stephen,George,mirandabrown@example.org
Marvin,Hood,hernandezsandra@example.net
Karen,Rasmussen,qsimmons@example.org
Rachel,Yates,alvaradorachel@example.net
Matthew,Scott,bakerkevin@example.net
Christine,Chang,tinataylor@example.com
Lisa,Wright,matthew28@example.org
Christine,Scott,jesselynn@example.net
Todd,Duncan,wedwards@example.org
Matthew,Glenn,epollard@example.net
Tina,Little,oesparza@example.net
Mary,Hayden,rothkevin@example.com
Julie,Gregory,karimoran@example.org
Debra,Woods,dakotacampbell@example.org
Richard,Holt,opatterson@example.com
Heather,Hurley,cjordan@example.org
Gregory,Brown,jnichols@example.org
Emily,Harrison,jesseharris@example.org
Laura,Baker,jonathanrivera@example.com
James,Martin,james86@example.org
Dana,Scott,megancunningham@example.org
April,Lawson,qmckinney@example.com
Jennifer,Lambert,ann28@example.com
Mary,Burns,vbrown@example.net
David,Wilcox,bryan62@example.com
Alexander,Carr,bakereddie@example.net
Jacob,Sanchez,kdominguez@example.org
Ernest,Watkins,guzmanphilip@example.org
Mark,Lee,pbuck@example.org
Shannon,Garcia,dayadam@example.com
Monica,Parker,sjohnson@example.com
Ann,Hobbs,edwardgray@example.com
Andrew,Pacheco,singhvanessa@example.net
Samantha,Rhodes,sarah82@example.com
Stacey,Lopez,gregortega@example.com
Julia,Sanders,shannonsandra@example.net
Sarah,Livingston,matthew00@example.net
Jennifer,Kaufman,anthony46@example.net
Patricia,Smith,hornkendra@example.com
Kevin,Velazquez,adamlawson@example.org
Stephanie,Morton,cochranalexandra@example.com
Kyle,Bonilla,gallegosmichelle@example.net
Anthony,Burke,hillmarissa@example.org
Jeffrey,Nelson,gdaniels@example.org
Frank,Phillips,ralphbrown@example.net
Carly,Kennedy,lesterjames@example.net
Joan,Davis,denisejohnson@example.com
Ryan,White,garcianicholas@example.com
Natalie,Hansen,martinruiz@example.net
Lance,Gardner,ellen56@example.com
Julie,Smith,juliagarcia@example.org
Kevin,Moran,sosadenise@example.org
Sierra,Moore,johnsontodd@example.org
Brittany,Reed,jennifer59@example.com
Samuel,Hall,ericalindsey@example.net
Christopher,Hernandez,foxcourtney@example.com
Lori,Rodriguez,michellemonroe@example.com
Heather,Marshall,robertsonrichard@example.net
Ian,Johnson,utorres@example.com
Susan,Johnson,edwardstheresa@example.org
Kathleen,Spence,yjones@example.com
Melissa,Howard,rjordan@example.com
Alison,Peterson,ochandler@example.net
Angelica,Nelson,phillip44@example.com
Mark,Wilson,jfreeman@example.net
Lauren,Lopez,boydlori@example.com
Amy,White,loweryvictoria@example.net
Kelly,Watson,zacharymartin@example.net
Melissa,Howell,susan93@example.com
Laura,Patterson,jeffrey85@example.com
Jon,Franklin,gonzaleztracie@example.com
Denise,Mills,walkerjason@example.net
Rebecca,Griffin,james20@example.org
Holly,Hurst,phillipseric@example.com
Sarah,Duran,stephanierobinson@example.org
Vernon,Frank,brookevasquez@example.com
Christopher,Nash,agilbert@example.org
Aaron,Lee,millerangela@example.net
Brian,Gomez,rick22@example.com
Julie,Garcia,frose@example.org
Charles,Davis,danielsimpson@example.net
Kelli,Martinez,rodriguezalexis@example.org
Jacqueline,Lester,craig77@example.net
Kathleen,Fisher,ibarron@example.net
Jasmine,Warren,zmaxwell@example.com
Jason,Macias,lewiskurt@example.net
Katelyn,Little,marieclark@example.com
Marcus,Garcia,brendanharris@example.org
Virginia,Moore,fwilson@example.org
Alexandria,Fleming,pmorgan@example.com
Stacie,Moore,kevin36@example.net
Scott,Wheeler,castanedagregory@example.com
Shawn,Reed,amanda27@example.net
Matthew,Phillips,samanthaneal@example.org
John,Johnson,mitchellpatricia@example.org
Kelsey,Watson,victoria46@example.org
Sarah,Jenkins,wrightmichelle@example.net
Amy,Mason,shawmichael@example.com
Ashley,Parker,gordonmichael@example.net
Robert,Jackson,jacquelinewright@example.org
Sarah,Crosby,wallacetony@example.org
Austin,Thomas,ymiller@example.net
Jon,Rivera,uwilkinson@example.org
Laura,Franklin,stephenrobertson@example.com
Christopher,Dougherty,jblack@example.org
Robert,Martinez,smithkaren@example.net
Raymond,Mason,zstone@example.net
Adam,Nunez,jamespowell@example.net
David,Williams,warrenmichael@example.org
Brian,Smith,ashley32@example.net
Susan,Ryan,egutierrez@example.net
Timothy,Mooney,rgreen@example.org
Carlos,Davis,erica88@example.org
Alejandra,Leon,joseph87@example.org
